-- MySQL dump 10.13  Distrib 8.0.44, for Linux (x86_64)
--
-- Host: gateway01.ap-southeast-1.prod.aws.tidbcloud.com    Database: node-day-8
-- ------------------------------------------------------
-- Server version	8.0.11-TiDB-v7.5.2-serverless

/*!40101 SET @OLD_CHARACTER_SET_CLIENT=@@CHARACTER_SET_CLIENT */;
/*!40101 SET @OLD_CHARACTER_SET_RESULTS=@@CHARACTER_SET_RESULTS */;
/*!40101 SET @OLD_COLLATION_CONNECTION=@@COLLATION_CONNECTION */;
/*!50503 SET NAMES utf8mb4 */;
/*!40103 SET @OLD_TIME_ZONE=@@TIME_ZONE */;
/*!40103 SET TIME_ZONE='+00:00' */;
/*!40014 SET @OLD_UNIQUE_CHECKS=@@UNIQUE_CHECKS, UNIQUE_CHECKS=0 */;
/*!40014 SET @OLD_FOREIGN_KEY_CHECKS=@@FOREIGN_KEY_CHECKS, FOREIGN_KEY_CHECKS=0 */;
/*!40101 SET @OLD_SQL_MODE=@@SQL_MODE, SQL_MODE='NO_AUTO_VALUE_ON_ZERO' */;
/*!40111 SET @OLD_SQL_NOTES=@@SQL_NOTES, SQL_NOTES=0 */;

--
-- Table structure for table `access_tokens`
--

DROP TABLE IF EXISTS `access_tokens`;
/*!40101 SET @saved_cs_client     = @@character_set_client */;
/*!50503 SET character_set_client = utf8mb4 */;
CREATE TABLE `access_tokens` (
  `id` bigint unsigned NOT NULL AUTO_INCREMENT,
  `user_id` bigint unsigned DEFAULT NULL,
  `token` varchar(255) COLLATE utf8mb4_unicode_ci DEFAULT NULL,
  `is_revoked` tinyint DEFAULT '0',
  `created_at` timestamp DEFAULT CURRENT_TIMESTAMP,
  `updated_at` timestamp DEFAULT CURRENT_TIMESTAMP ON UPDATE CURRENT_TIMESTAMP,
  PRIMARY KEY (`id`) /*T![clustered_index] CLUSTERED */
) ENGINE=InnoDB DEFAULT CHARSET=utf8mb4 COLLATE=utf8mb4_unicode_ci AUTO_INCREMENT=210039;
/*!40101 SET character_set_client = @saved_cs_client */;

--
-- Dumping data for table `access_tokens`
--

LOCK TABLES `access_tokens` WRITE;
/*!40000 ALTER TABLE `access_tokens` DISABLE KEYS */;
INSERT INTO `access_tokens` VALUES (1,19,'eyJhbGciOiJIUzI1NiIsInR5cCI6IkpXVCJ9.eyJzdWIiOjE5LCJleHAiOjE3NzAwODk2NTguMTI4LCJpYXQiOjE3NzAwODYwNTh9.cgvbyv1izAYy6r3TI8snBFr0LPgX_0AO8OU3D2MRZsg',1,'2026-02-03 09:34:18','2026-02-03 09:58:08'),(2,19,'eyJhbGciOiJIUzI1NiIsInR5cCI6IkpXVCJ9.eyJzdWIiOjE5LCJleHAiOjE3NzAwOTEyMjcuMDQ5LCJpYXQiOjE3NzAwODc2Mjd9.CuIN4c9RI9JtT3NboSvfBq6VEbcawhaBGkpxR5Mn04E',0,'2026-02-03 10:00:27','2026-02-03 10:00:27'),(3,19,'eyJhbGciOiJIUzI1NiIsInR5cCI6IkpXVCJ9.eyJzdWIiOjE5LCJleHAiOjE3NzAwOTEyOTIuMTEyLCJpYXQiOjE3NzAwODc2OTJ9.lrJPDOgRMEPG6C5f44K3zVwxmCM3IWfas9pUaShi7zQ',0,'2026-02-03 10:01:32','2026-02-03 10:01:32'),(4,19,'eyJhbGciOiJIUzI1NiIsInR5cCI6IkpXVCJ9.eyJzdWIiOjE5LCJleHAiOjE3NzAwOTEzODkuMTQyLCJpYXQiOjE3NzAwODc3ODl9.AzwJLjP8B-YxfpacTZQGqgP31OD2LQXBU8j16jYqpqc',1,'2026-02-03 10:03:09','2026-02-03 10:04:48'),(5,67,'eyJhbGciOiJIUzI1NiIsInR5cCI6IkpXVCJ9.eyJzdWIiOjY3LCJleHAiOjE3NzAwOTIwNTMuNzIyLCJpYXQiOjE3NzAwODg0NTN9.ShdELGFZZFauMbfllR1oIYkN_kH1epuKfsd4C1vdJLM',0,'2026-02-03 10:14:13','2026-02-03 10:14:13'),(6,67,'eyJhbGciOiJIUzI1NiIsInR5cCI6IkpXVCJ9.eyJzdWIiOjY3LCJleHAiOjE3NzAwOTIwNTMuOTAyLCJpYXQiOjE3NzAwODg0NTN9.I41KfpGnpG1XVW2cx5vNbRgEaA3kB9B5yZ_OM12Sai4',0,'2026-02-03 10:14:13','2026-02-03 10:14:13'),(7,67,'eyJhbGciOiJIUzI1NiIsInR5cCI6IkpXVCJ9.eyJzdWIiOjY3LCJleHAiOjE3NzAwOTIwNTQuOTgyLCJpYXQiOjE3NzAwODg0NTR9.UgqBZPcOuVbHebuSeKlcYshFqG1ZFTi14A3pApcBOFk',1,'2026-02-03 10:14:14','2026-02-03 10:14:15'),(8,67,'eyJhbGciOiJIUzI1NiIsInR5cCI6IkpXVCJ9.eyJzdWIiOjY3LCJleHAiOjE3NzAwOTIwNTUuMjkxLCJpYXQiOjE3NzAwODg0NTV9.sNmVvTDtcxQz_KSsDBj2IiFwpiJDUrSjy-THp6mwxjA',0,'2026-02-03 10:14:15','2026-02-03 10:14:15'),(9,69,'eyJhbGciOiJIUzI1NiIsInR5cCI6IkpXVCJ9.eyJzdWIiOjY5LCJleHAiOjE3NzAwOTIwNTUuNDksImlhdCI6MTc3MDA4ODQ1NX0.b49tGD-sNAWKFPfmogQaYct4Ler18Me5e9urXljs3ZY',0,'2026-02-03 10:14:15','2026-02-03 10:14:15'),(10,69,'eyJhbGciOiJIUzI1NiIsInR5cCI6IkpXVCJ9.eyJzdWIiOjY5LCJleHAiOjE3NzAwOTIwNTUuNjgyLCJpYXQiOjE3NzAwODg0NTV9.mhXE9HjNkHc3BXKeX29G69_BEsySVT6ID8KNjqJtWqE',0,'2026-02-03 10:14:15','2026-02-03 10:14:15'),(11,70,'eyJhbGciOiJIUzI1NiIsInR5cCI6IkpXVCJ9.eyJzdWIiOjcwLCJleHAiOjE3NzAwOTIxMDAuOTQ4LCJpYXQiOjE3NzAwODg1MDB9.04jGS_9_nyuS3stzoZgzrFR6ihpBMN-H9cIk8pqMQKM',0,'2026-02-03 10:15:00','2026-02-03 10:15:00'),(12,70,'eyJhbGciOiJIUzI1NiIsInR5cCI6IkpXVCJ9.eyJzdWIiOjcwLCJleHAiOjE3NzAwOTIxMDEuMjEyLCJpYXQiOjE3NzAwODg1MDF9.b3bzyyvpcluls9DVEDQN_8fmTnl0VLE8K-DuOOt3MKI',0,'2026-02-03 10:15:01','2026-02-03 10:15:01'),(13,70,'eyJhbGciOiJIUzI1NiIsInR5cCI6IkpXVCJ9.eyJzdWIiOjcwLCJleHAiOjE3NzAwOTIxMDIuNDYzLCJpYXQiOjE3NzAwODg1MDJ9.X8BdgdaRJWTTgONm6jhn9ITZ-84H4MJs5SsD_4gVOpI',1,'2026-02-03 10:15:02','2026-02-03 10:15:02'),(14,70,'eyJhbGciOiJIUzI1NiIsInR5cCI6IkpXVCJ9.eyJzdWIiOjcwLCJleHAiOjE3NzAwOTIxMDIuNzU2LCJpYXQiOjE3NzAwODg1MDJ9.QY0DubwofjWcB5coGPI51aNS6oPc8wEhHvUi4-8TPAA',0,'2026-02-03 10:15:02','2026-02-03 10:15:02'),(15,72,'eyJhbGciOiJIUzI1NiIsInR5cCI6IkpXVCJ9.eyJzdWIiOjcyLCJleHAiOjE3NzAwOTIxMDIuODI0LCJpYXQiOjE3NzAwODg1MDJ9.LbUVLm20vI4B95DKSM5o-IKyWvJIlsPPfIj5sX8pX4Q',0,'2026-02-03 10:15:02','2026-02-03 10:15:02'),(16,72,'eyJhbGciOiJIUzI1NiIsInR5cCI6IkpXVCJ9.eyJzdWIiOjcyLCJleHAiOjE3NzAwOTIxMDIuODc5LCJpYXQiOjE3NzAwODg1MDJ9.yq8XlM98ZFCnmf_cjpU0H_ePYSxrM5ZoGL6BAvfSTzE',0,'2026-02-03 10:15:02','2026-02-03 10:15:02'),(17,19,'eyJhbGciOiJIUzI1NiIsInR5cCI6IkpXVCJ9.eyJzdWIiOjE5LCJleHAiOjE3NzAwOTIyOTEuNDMsImlhdCI6MTc3MDA4ODY5MX0.JJC8oPAWcehNjcZeL-K9v99lozl94EjjfWm3PPhe9k8',0,'2026-02-03 10:18:11','2026-02-03 10:18:11'),(18,19,'eyJhbGciOiJIUzI1NiIsInR5cCI6IkpXVCJ9.eyJzdWIiOjE5LCJleHAiOjE3NzAwOTIzNDMuNDc0LCJpYXQiOjE3NzAwODg3NDN9.rPTOBjMF42u7aDPANe6LZnvADxegKJVFPP7zEA4GjwE',1,'2026-02-03 10:19:03','2026-02-03 10:20:13'),(19,19,'eyJhbGciOiJIUzI1NiIsInR5cCI6IkpXVCJ9.eyJzdWIiOjE5LCJleHAiOjE3NzAwOTM3MTcuODMxLCJpYXQiOjE3NzAwOTAxMTd9.QUGS2_B8NfzzYr6afB-I9jCUEXp0Uf18hDprl1DTBa4',0,'2026-02-03 10:41:57','2026-02-03 10:41:57'),(20,75,'eyJhbGciOiJIUzI1NiIsInR5cCI6IkpXVCJ9.eyJzdWIiOjc1LCJleHAiOjE3NzAxMjY5MzEuODk2LCJpYXQiOjE3NzAxMjMzMzF9.opq-a1k77eLYBvYbf_7W7MD-cGE0sjtMzVt1Py9CHtM',0,'2026-02-03 19:55:31','2026-02-03 19:55:31'),(21,76,'eyJhbGciOiJIUzI1NiIsInR5cCI6IkpXVCJ9.eyJzdWIiOjc2LCJleHAiOjE3NzAxMjY5NjkuNTc4LCJpYXQiOjE3NzAxMjMzNjl9.xy98Y3qMCK78zmIbCfnkcGzqYyCO4I4ItRgqNt-AQ60',0,'2026-02-03 19:56:09','2026-02-03 19:56:09'),(22,78,'eyJhbGciOiJIUzI1NiIsInR5cCI6IkpXVCJ9.eyJzdWIiOjc4LCJleHAiOjE3NzAxMjczMDYuNjc5LCJpYXQiOjE3NzAxMjM3MDZ9.X79BwLYyRUyOyabthgl5d3yhpfQIrz-JuC3qKZk5lsg',0,'2026-02-03 20:01:46','2026-02-03 20:01:46'),(23,79,'eyJhbGciOiJIUzI1NiIsInR5cCI6IkpXVCJ9.eyJzdWIiOjc5LCJleHAiOjE3NzAxMjgwOTAuNjU2LCJpYXQiOjE3NzAxMjQ0OTB9.vFwc-qLu5AGOxirft9hP8NMfjTnmDloMgeA5I5-NG-A',0,'2026-02-03 20:14:50','2026-02-03 20:14:50'),(24,81,'eyJhbGciOiJIUzI1NiIsInR5cCI6IkpXVCJ9.eyJzdWIiOjgxLCJleHAiOjE3NzAxMzI2NjYuNDkyLCJpYXQiOjE3NzAxMjkwNjZ9.VbULrRFpvMmO1NjWYAh0j11qkHTDx9bsiDAkp4giBQg',0,'2026-02-03 21:31:06','2026-02-03 21:31:06'),(25,82,'eyJhbGciOiJIUzI1NiIsInR5cCI6IkpXVCJ9.eyJzdWIiOjgyLCJleHAiOjE3NzAxMzI5MTIuNDEzLCJpYXQiOjE3NzAxMjkzMTJ9.IaVtsYpm1dDFv2WO0SSSjr0HlUxn5F6d3k3f9fGv5J0',0,'2026-02-03 21:35:12','2026-02-03 21:35:12'),(26,83,'eyJhbGciOiJIUzI1NiIsInR5cCI6IkpXVCJ9.eyJzdWIiOjgzLCJleHAiOjE3NzAxMzMxOTguMjIsImlhdCI6MTc3MDEyOTU5OH0.C4JRkpVuqUb216Eb9bf2wSPjJUuwRZQS1R0lIuLnLWo',0,'2026-02-03 21:39:58','2026-02-03 21:39:58'),(27,85,'eyJhbGciOiJIUzI1NiIsInR5cCI6IkpXVCJ9.eyJzdWIiOjg1LCJleHAiOjE3NzAxMzMyOTkuOTgzLCJpYXQiOjE3NzAxMjk2OTl9.JxLEFKhktbWIkZA426OumgmrqSv6s9EjCspKUpHpbm4',0,'2026-02-03 21:41:39','2026-02-03 21:41:39'),(28,86,'eyJhbGciOiJIUzI1NiIsInR5cCI6IkpXVCJ9.eyJzdWIiOjg2LCJleHAiOjE3NzAxMzM0NjUuMzc1LCJpYXQiOjE3NzAxMjk4NjV9.Yd_GQ8FjTecHZIeCCZZXLcnPH58F4yf1f1Fe07jC51Q',0,'2026-02-03 21:44:25','2026-02-03 21:44:25'),(29,87,'eyJhbGciOiJIUzI1NiIsInR5cCI6IkpXVCJ9.eyJzdWIiOjg3LCJleHAiOjE3NzAxMzM1NzkuMjE0LCJpYXQiOjE3NzAxMjk5Nzl9.aX1inJSI08YdxKgLZpRRIYTfFvGQ1dWZ_Jj2kl0j4Yo',0,'2026-02-03 21:46:19','2026-02-03 21:46:19'),(30,88,'eyJhbGciOiJIUzI1NiIsInR5cCI6IkpXVCJ9.eyJzdWIiOjg4LCJleHAiOjE3NzAxMzM2NDIuNTA2LCJpYXQiOjE3NzAxMzAwNDJ9.bkj8cEHYJEy317nuOC-o29mZ6-eDcghanxfMGbRfUE8',0,'2026-02-03 21:47:22','2026-02-03 21:47:22'),(31,89,'eyJhbGciOiJIUzI1NiIsInR5cCI6IkpXVCJ9.eyJzdWIiOjg5LCJleHAiOjE3NzAxMzM3NTIuNDYyLCJpYXQiOjE3NzAxMzAxNTJ9.KYZ6S40_lZzht5yIrx6AUGQxuSqbsb0vFqVkUfLfBow',0,'2026-02-03 21:49:12','2026-02-03 21:49:12'),(32,19,'eyJhbGciOiJIUzI1NiIsInR5cCI6IkpXVCJ9.eyJzdWIiOjE5LCJleHAiOjE3NzAxMzU4MzEuMTk3LCJpYXQiOjE3NzAxMzIyMzF9.RceOB_O95nnlAROoNIBnWe3tuTMumxReBIem9hGQzzo',0,'2026-02-03 22:23:51','2026-02-03 22:23:51'),(33,19,'eyJhbGciOiJIUzI1NiIsInR5cCI6IkpXVCJ9.eyJzdWIiOjE5LCJleHAiOjE3NzAxMzYwNDQuOTkxLCJpYXQiOjE3NzAxMzI0NDR9.7ujnC125AJZ6rZy5VXBjshX09qg9yt2bfQVLslEKAIU',0,'2026-02-03 22:27:24','2026-02-03 22:27:24'),(34,19,'eyJhbGciOiJIUzI1NiIsInR5cCI6IkpXVCJ9.eyJzdWIiOjE5LCJleHAiOjE3NzAxMzYwOTYuNDI5LCJpYXQiOjE3NzAxMzI0OTZ9.1v4FljNtvvuy7bcDVuhcabHjK_wsgrMCtqmxqYqFDkU',0,'2026-02-03 22:28:16','2026-02-03 22:28:16'),(35,19,'eyJhbGciOiJIUzI1NiIsInR5cCI6IkpXVCJ9.eyJzdWIiOjE5LCJleHAiOjE3NzAxMzY1MTQuNDg3LCJpYXQiOjE3NzAxMzI5MTR9.45Gzjgqd1XIW5VMuNuCUxAaRTcNhH0-h0msgcJKOcD0',1,'2026-02-03 22:35:14','2026-02-03 22:43:52'),(36,19,'eyJhbGciOiJIUzI1NiIsInR5cCI6IkpXVCJ9.eyJzdWIiOjE5LCJleHAiOjE3NzAxNzQxMjQuNTM4LCJpYXQiOjE3NzAxNzA1MjR9.M50-qKn9WXyZ38WIkQAcNLsyD0vAl_xW_DiSf-YHkWg',1,'2026-02-04 09:02:04','2026-02-04 09:03:35'),(37,19,'eyJhbGciOiJIUzI1NiIsInR5cCI6IkpXVCJ9.eyJzdWIiOjE5LCJleHAiOjE3NzAxNzQyMzYuMDgzLCJpYXQiOjE3NzAxNzA2MzZ9.HWemI847npv3bLxaip-_uIStsfbHv2rklFL7TXerBhk',1,'2026-02-04 09:03:56','2026-02-04 09:07:52'),(38,90,'eyJhbGciOiJIUzI1NiIsInR5cCI6IkpXVCJ9.eyJzdWIiOjkwLCJleHAiOjE3NzAxNzQ0ODguNTYyLCJpYXQiOjE3NzAxNzA4ODh9.wLq-i6YlfRlpzg_mfM6fgxvE75Tx5SUFJo4fGCUxVtw',0,'2026-02-04 09:08:08','2026-02-04 09:08:08'),(39,91,'eyJhbGciOiJIUzI1NiIsInR5cCI6IkpXVCJ9.eyJzdWIiOjkxLCJleHAiOjE3NzAxNzg0MjEuODA5LCJpYXQiOjE3NzAxNzQ4MjF9.WxMDg7M0sO9y-wIrf1GryVBa1d05Lz8xZntdUwsqjKM',0,'2026-02-04 03:13:41','2026-02-04 03:13:41'),(30039,30091,'eyJhbGciOiJIUzI1NiIsInR5cCI6IkpXVCJ9.eyJzdWIiOjMwMDkxLCJleHAiOjE3NzAxODA3NjQuNjIyLCJpYXQiOjE3NzAxNzcxNjR9.hOeyNniQ5d4AnI6dfZ5_PSdQ7DmKdeH_Kl7vvTQ98WE',0,'2026-02-04 03:52:44','2026-02-04 03:52:44'),(30040,30092,'eyJhbGciOiJIUzI1NiIsInR5cCI6IkpXVCJ9.eyJzdWIiOjMwMDkyLCJleHAiOjE3NzAxODE3MDEuMTg2LCJpYXQiOjE3NzAxNzgxMDF9.EUNPDcAYUNzc8m24xh2ZVAPLGoWsWmikUULLxaN1mpk',0,'2026-02-04 04:08:21','2026-02-04 04:08:21'),(30041,30093,'eyJhbGciOiJIUzI1NiIsInR5cCI6IkpXVCJ9.eyJzdWIiOjMwMDkzLCJleHAiOjE3NzAxODIzNzkuMzUzLCJpYXQiOjE3NzAxNzg3Nzl9.4G630nnthI9ideWuCTxwdiLev_AZXPKbSyIpPsrt6Z8',0,'2026-02-04 04:19:39','2026-02-04 04:19:39'),(30042,30094,'eyJhbGciOiJIUzI1NiIsInR5cCI6IkpXVCJ9.eyJzdWIiOjMwMDk0LCJleHAiOjE3NzAxODI1MDMuMjkxLCJpYXQiOjE3NzAxNzg5MDN9.o0hxPok7hrC_0-E37HD0oXn-tErsnAEgH7XxtVXZ5Y8',0,'2026-02-04 04:21:43','2026-02-04 04:21:43'),(30043,30095,'eyJhbGciOiJIUzI1NiIsInR5cCI6IkpXVCJ9.eyJzdWIiOjMwMDk1LCJleHAiOjE3NzAxODI4NjguNDg5LCJpYXQiOjE3NzAxNzkyNjh9.PK1mF4Moyvph3TdjDPsOnNgxv5mTWIg2ykRtrtyE2J4',0,'2026-02-04 04:27:48','2026-02-04 04:27:48'),(30044,30096,'eyJhbGciOiJIUzI1NiIsInR5cCI6IkpXVCJ9.eyJzdWIiOjMwMDk2LCJleHAiOjE3NzAxODMwMTIuODc0LCJpYXQiOjE3NzAxNzk0MTJ9.di46QeiCOCPNE9E-DGS1VhfNPsSiVR-0hyGmIurxFc4',0,'2026-02-04 04:30:12','2026-02-04 04:30:12'),(60039,60091,'eyJhbGciOiJIUzI1NiIsInR5cCI6IkpXVCJ9.eyJzdWIiOjYwMDkxLCJleHAiOjE3NzAxODM5ODIuNTk0LCJpYXQiOjE3NzAxODAzODJ9.7D40bgftQjSf_Y_f-oiSwtmtuxEXUiorWI8Ae463sjw',0,'2026-02-04 04:46:22','2026-02-04 04:46:22'),(90039,19,'eyJhbGciOiJIUzI1NiIsInR5cCI6IkpXVCJ9.eyJzdWIiOjE5LCJleHAiOjE3NzAxOTM0OTUuMDg5LCJpYXQiOjE3NzAxODk4OTV9.ZPjiU05ue4d2PLPbZcPbdbDqW3Ygw9wqf69yv3VR9f4',0,'2026-02-04 07:24:55','2026-02-04 07:24:55'),(90040,90091,'eyJhbGciOiJIUzI1NiIsInR5cCI6IkpXVCJ9.eyJzdWIiOjkwMDkxLCJleHAiOjE3NzAxOTQzODQuODM3LCJpYXQiOjE3NzAxOTA3ODR9.y5_5joxQoFWBsRylLH9713QP08XrvvmGHq4Yp9WrDmU',0,'2026-02-04 07:39:44','2026-02-04 07:39:44'),(90041,90092,'eyJhbGciOiJIUzI1NiIsInR5cCI6IkpXVCJ9.eyJzdWIiOjkwMDkyLCJleHAiOjE3NzAxOTU2NTkuMzMzLCJpYXQiOjE3NzAxOTIwNTl9.v21-hT_2ysQ3bJ7Lp_HpUq31ho4hhrOErtiFJwPEMUk',0,'2026-02-04 08:00:59','2026-02-04 08:00:59'),(90042,90094,'eyJhbGciOiJIUzI1NiIsInR5cCI6IkpXVCJ9.eyJzdWIiOjkwMDk0LCJleHAiOjE3NzAxOTU5MjMuODY3LCJpYXQiOjE3NzAxOTIzMjN9.xEeS3Y6GbjHB6wcLtfps64SQC-rB_4sonNnEtKVIm04',0,'2026-02-04 08:05:23','2026-02-04 08:05:23'),(90043,90096,'eyJhbGciOiJIUzI1NiIsInR5cCI6IkpXVCJ9.eyJzdWIiOjkwMDk2LCJleHAiOjE3NzAxOTYyMDguNTM1LCJpYXQiOjE3NzAxOTI2MDh9.-a9tlQ14RTIbyplOOSj6rS8nYgWoc_uyQ6sdAftKnwk',0,'2026-02-04 08:10:08','2026-02-04 08:10:08'),(90044,90097,'eyJhbGciOiJIUzI1NiIsInR5cCI6IkpXVCJ9.eyJzdWIiOjkwMDk3LCJleHAiOjE3NzAxOTc2OTYuOTE5LCJpYXQiOjE3NzAxOTQwOTZ9.w72QSgOZidWJK00iKZ_lPp7xQmSH39b1_5weBGZi9RY',0,'2026-02-04 08:34:56','2026-02-04 08:34:56'),(90045,90098,'eyJhbGciOiJIUzI1NiIsInR5cCI6IkpXVCJ9.eyJzdWIiOjkwMDk4LCJleHAiOjE3NzAxOTg2MDIuMTcyLCJpYXQiOjE3NzAxOTUwMDJ9.20UoWgsm9_1WEZ8o4Y-gnMSVPurcJsMbKsap_EgA4Ew',0,'2026-02-04 08:50:02','2026-02-04 08:50:02'),(90046,19,'eyJhbGciOiJIUzI1NiIsInR5cCI6IkpXVCJ9.eyJzdWIiOjE5LCJleHAiOjE3NzAxOTg4MjAuMzc2LCJpYXQiOjE3NzAxOTUyMjB9.ltRde82orbhXxGAmi5DoRPV5czTPUIadCmn78sm1z8w',1,'2026-02-04 08:53:40','2026-02-04 08:57:21'),(90047,90100,'eyJhbGciOiJIUzI1NiIsInR5cCI6IkpXVCJ9.eyJzdWIiOjkwMTAwLCJleHAiOjE3NzAxOTkwODYuNjg5LCJpYXQiOjE3NzAxOTU0ODZ9.UPy08jKjMUJBbBHZGC2g-L68h0RfVoE8frGBKNC3h-8',0,'2026-02-04 08:58:06','2026-02-04 08:58:06'),(90048,90100,'eyJhbGciOiJIUzI1NiIsInR5cCI6IkpXVCJ9.eyJzdWIiOjkwMTAwLCJleHAiOjE3NzAxOTkxMTMuMTcxLCJpYXQiOjE3NzAxOTU1MTN9.UqG4SkrEb3LbUppFThR_YFcJ2wyqCKueai9GhxRmVko',0,'2026-02-04 08:58:33','2026-02-04 08:58:33'),(90049,90101,'eyJhbGciOiJIUzI1NiIsInR5cCI6IkpXVCJ9.eyJzdWIiOjkwMTAxLCJleHAiOjE3NzAxOTk0ODQuOTY5LCJpYXQiOjE3NzAxOTU4ODR9.JNyrGagMuM6wd3FpdhGLBSdikbL_gZCqwJJlzit_HnY',0,'2026-02-04 09:04:44','2026-02-04 09:04:44'),(90050,90102,'eyJhbGciOiJIUzI1NiIsInR5cCI6IkpXVCJ9.eyJzdWIiOjkwMTAyLCJleHAiOjE3NzAyMDAwMDYuMTI1LCJpYXQiOjE3NzAxOTY0MDZ9.oDoI_daIMyHiuZPq9N8vbP-wBCWbLAHAYwkgnuR8xGM',0,'2026-02-04 09:13:26','2026-02-04 09:13:26'),(90051,90104,'eyJhbGciOiJIUzI1NiIsInR5cCI6IkpXVCJ9.eyJzdWIiOjkwMTA0LCJleHAiOjE3NzAyMDA1NzEuMzc2LCJpYXQiOjE3NzAxOTY5NzF9.fgfbIQ3lq1mZc9ZSJS5_FP_c-8PkyRYJHp9dk1bCimM',0,'2026-02-04 09:22:51','2026-02-04 09:22:51'),(90052,90104,'eyJhbGciOiJIUzI1NiIsInR5cCI6IkpXVCJ9.eyJzdWIiOjkwMTA0LCJleHAiOjE3NzAyMDE2ODMuMDA3LCJpYXQiOjE3NzAxOTgwODN9.WleGroct-_oIoOlhEccjjsgMwPwx6fKuUEQ2MOjn4Ag',0,'2026-02-04 09:41:23','2026-02-04 09:41:23'),(90053,90106,'eyJhbGciOiJIUzI1NiIsInR5cCI6IkpXVCJ9.eyJzdWIiOjkwMTA2LCJleHAiOjE3NzAyMDE4MDYuMTQ2LCJpYXQiOjE3NzAxOTgyMDZ9.l8bwMXbBysqg6PS5mzBqo_dLJlckBPcmRqzapaC0cb8',0,'2026-02-04 09:43:26','2026-02-04 09:43:26'),(120039,120091,'eyJhbGciOiJIUzI1NiIsInR5cCI6IkpXVCJ9.eyJzdWIiOjEyMDA5MSwiZXhwIjoxNzcwMjEwNDk3LjY1NSwiaWF0IjoxNzcwMjA2ODk3fQ.If0ehkeGqP5bHnzLTNyycEaUxupg4phgMWYF7m-qsP0',0,'2026-02-04 12:08:17','2026-02-04 12:08:17'),(120040,120092,'eyJhbGciOiJIUzI1NiIsInR5cCI6IkpXVCJ9.eyJzdWIiOjEyMDA5MiwiZXhwIjoxNzcwMjExMjUwLjkxMywiaWF0IjoxNzcwMjA3NjUwfQ.qZQacXF-ZQFKsaqeCCV352PbD6X1OD1NvP-fNtiu3Xg',0,'2026-02-04 12:20:50','2026-02-04 12:20:50'),(120041,120093,'eyJhbGciOiJIUzI1NiIsInR5cCI6IkpXVCJ9.eyJzdWIiOjEyMDA5MywiZXhwIjoxNzcwMjExNDYzLjEzNSwiaWF0IjoxNzcwMjA3ODYzfQ.yyX_Tcwh1F779AFrYcqP1p_L3ghx-8FveM-S7mTP3n0',0,'2026-02-04 12:24:23','2026-02-04 12:24:23'),(150039,150091,'eyJhbGciOiJIUzI1NiIsInR5cCI6IkpXVCJ9.eyJzdWIiOjE1MDA5MSwiZXhwIjoxNzcwMjYwMzA5LjAxNywiaWF0IjoxNzcwMjU2NzA5fQ.P7wwS6yVKyyF1bR0FzyLeJARpVj31R837-gSFJnkup8',0,'2026-02-05 01:58:29','2026-02-05 01:58:29'),(150040,150091,'eyJhbGciOiJIUzI1NiIsInR5cCI6IkpXVCJ9.eyJzdWIiOjE1MDA5MSwiZXhwIjoxNzcwMjYwNDgyLjEwNiwiaWF0IjoxNzcwMjU2ODgyfQ.fyZzzL-O6kscnpOA33GRZ23yffCG-biI5ODvOAP66AQ',1,'2026-02-05 02:01:22','2026-02-05 02:09:47'),(150041,150091,'eyJhbGciOiJIUzI1NiIsInR5cCI6IkpXVCJ9.eyJzdWIiOjE1MDA5MSwiZXhwIjoxNzcwMjYxMDE0LjMxNiwiaWF0IjoxNzcwMjU3NDE0fQ.Yzc9ruZJNKFuhgEsHn7UXipZJ_yumSApr9Lc4b2ArLQ',0,'2026-02-05 02:10:14','2026-02-05 02:10:14'),(150042,150093,'eyJhbGciOiJIUzI1NiIsInR5cCI6IkpXVCJ9.eyJzdWIiOjE1MDA5MywiZXhwIjoxNzcwMjYxMDMzLjMwNiwiaWF0IjoxNzcwMjU3NDMzfQ.smMm43w8xGajxKvFV7pe9DTRkvAacfSAnCdKwFNyfiY',0,'2026-02-05 02:10:33','2026-02-05 02:10:33'),(150043,150093,'eyJhbGciOiJIUzI1NiIsInR5cCI6IkpXVCJ9.eyJzdWIiOjE1MDA5MywiZXhwIjoxNzcwMjYxMDg2LjgxNywiaWF0IjoxNzcwMjU3NDg2fQ.MzOHZQHnL45w-Pcdmfxog-YF2eJxOJ6hLcH9I8_R-xw',0,'2026-02-05 02:11:26','2026-02-05 02:11:26'),(150044,150095,'eyJhbGciOiJIUzI1NiIsInR5cCI6IkpXVCJ9.eyJzdWIiOjE1MDA5NSwiZXhwIjoxNzcwMjYxODU2LjIyLCJpYXQiOjE3NzAyNTgyNTZ9.KmyKuwa30xTlNrqGFXaRlWgboo5OaSKL4KIjk8Vp_oY',0,'2026-02-05 02:24:16','2026-02-05 02:24:16'),(150045,150096,'eyJhbGciOiJIUzI1NiIsInR5cCI6IkpXVCJ9.eyJzdWIiOjE1MDA5NiwiZXhwIjoxNzcwMjYyNzMxLjAzNSwiaWF0IjoxNzcwMjU5MTMxfQ.0KdUsv_i5ymUuPb2ptdGo8CpbIy9Fq4LElZOd9eiSpE',0,'2026-02-05 02:38:51','2026-02-05 02:38:51'),(150046,150097,'eyJhbGciOiJIUzI1NiIsInR5cCI6IkpXVCJ9.eyJzdWIiOjE1MDA5NywiZXhwIjoxNzcwMjYzMjM1LjQ5NywiaWF0IjoxNzcwMjU5NjM1fQ.B3q3oSsKaM3I0rQyOkYdcXeRIa94wtGpO5p1qiMwUeQ',0,'2026-02-05 02:47:15','2026-02-05 02:47:15');
/*!40000 ALTER TABLE `access_tokens` ENABLE KEYS */;
UNLOCK TABLES;

--
-- Table structure for table `conversation_participants`
--

DROP TABLE IF EXISTS `conversation_participants`;
/*!40101 SET @saved_cs_client     = @@character_set_client */;
/*!50503 SET character_set_client = utf8mb4 */;
CREATE TABLE `conversation_participants` (
  `id` bigint unsigned NOT NULL AUTO_INCREMENT,
  `conversation_id` bigint unsigned NOT NULL,
  `user_id` bigint unsigned NOT NULL,
  `created_at` timestamp DEFAULT CURRENT_TIMESTAMP,
  `updated_at` timestamp DEFAULT CURRENT_TIMESTAMP ON UPDATE CURRENT_TIMESTAMP,
  PRIMARY KEY (`id`) /*T![clustered_index] CLUSTERED */,
  UNIQUE KEY `uq_coversation_id_user_id` (`conversation_id`,`user_id`),
  KEY `fk_cp_id_users_id` (`user_id`),
  CONSTRAINT `fk_cp_id_conversations_id` FOREIGN KEY (`conversation_id`) REFERENCES `conversations` (`id`) ON DELETE CASCADE ON UPDATE CASCADE,
  CONSTRAINT `fk_cp_id_users_id` FOREIGN KEY (`user_id`) REFERENCES `users` (`id`) ON DELETE CASCADE ON UPDATE CASCADE
) ENGINE=InnoDB DEFAULT CHARSET=utf8mb4 COLLATE=utf8mb4_unicode_ci AUTO_INCREMENT=60102;
/*!40101 SET character_set_client = @saved_cs_client */;

--
-- Dumping data for table `conversation_participants`
--

LOCK TABLES `conversation_participants` WRITE;
/*!40000 ALTER TABLE `conversation_participants` DISABLE KEYS */;
INSERT INTO `conversation_participants` VALUES (1,1,1,'2026-01-27 14:03:48','2026-01-27 14:03:48'),(2,1,3,'2026-01-27 14:03:48','2026-01-27 14:03:48'),(26,10,19,'2026-01-27 15:18:21','2026-01-27 15:18:21'),(27,10,5,'2026-01-27 15:18:21','2026-01-27 15:18:21'),(28,11,19,'2026-01-27 15:18:29','2026-01-27 15:18:29'),(29,11,1,'2026-01-27 15:18:29','2026-01-27 15:18:29'),(30,12,19,'2026-01-27 15:19:06','2026-01-27 15:19:06'),(31,12,3,'2026-01-27 15:19:06','2026-01-27 15:19:06'),(32,12,5,'2026-01-27 15:19:06','2026-01-27 15:19:06'),(36,10,3,'2026-01-27 15:20:54','2026-01-27 15:20:54'),(39,11,3,'2026-01-27 15:21:02','2026-01-27 15:21:02'),(40,13,19,'2026-01-27 15:50:11','2026-01-27 15:50:11'),(41,13,3,'2026-01-27 15:50:11','2026-01-27 15:50:11'),(42,13,5,'2026-01-27 15:50:11','2026-01-27 15:50:11'),(47,11,7,'2026-01-27 15:51:35','2026-01-27 15:51:35'),(49,14,24,'2026-01-27 15:55:43','2026-01-27 15:55:43'),(50,14,25,'2026-01-27 15:55:43','2026-01-27 15:55:43'),(51,15,19,'2026-01-27 16:34:22','2026-01-27 16:34:22'),(52,15,1,'2026-01-27 16:34:22','2026-01-27 16:34:22'),(53,15,3,'2026-01-27 16:34:22','2026-01-27 16:34:22'),(54,15,5,'2026-01-27 16:34:22','2026-01-27 16:34:22'),(55,15,7,'2026-01-27 16:34:22','2026-01-27 16:34:22'),(56,16,19,'2026-01-27 16:34:36','2026-01-27 16:34:36'),(57,16,1,'2026-01-27 16:34:36','2026-01-27 16:34:36'),(58,16,3,'2026-01-27 16:34:36','2026-01-27 16:34:36'),(59,16,7,'2026-01-27 16:34:36','2026-01-27 16:34:36'),(62,11,10,'2026-01-27 16:35:07','2026-01-27 16:35:07'),(64,17,19,'2026-01-27 21:10:09','2026-01-27 21:10:09'),(65,17,1,'2026-01-27 21:10:09','2026-01-27 21:10:09'),(66,17,3,'2026-01-27 21:10:09','2026-01-27 21:10:09'),(67,17,7,'2026-01-27 21:10:09','2026-01-27 21:10:09'),(68,18,59,'2026-01-27 21:15:17','2026-01-27 21:15:17'),(69,18,1,'2026-01-27 21:15:17','2026-01-27 21:15:17'),(70,18,3,'2026-01-27 21:15:17','2026-01-27 21:15:17'),(71,18,7,'2026-01-27 21:15:17','2026-01-27 21:15:17'),(72,19,59,'2026-01-27 21:15:45','2026-01-27 21:15:45'),(73,19,3,'2026-01-27 21:15:45','2026-01-27 21:15:45'),(74,20,59,'2026-01-27 21:16:43','2026-01-27 21:16:43'),(75,20,3,'2026-01-27 21:16:43','2026-01-27 21:16:43'),(76,20,5,'2026-01-27 21:16:43','2026-01-27 21:16:43'),(77,20,7,'2026-01-27 21:16:43','2026-01-27 21:16:43'),(78,21,59,'2026-01-27 21:16:45','2026-01-27 21:16:45'),(79,21,3,'2026-01-27 21:16:45','2026-01-27 21:16:45'),(80,21,5,'2026-01-27 21:16:45','2026-01-27 21:16:45'),(81,21,7,'2026-01-27 21:16:45','2026-01-27 21:16:45'),(86,20,51,'2026-01-27 21:18:30','2026-01-27 21:18:30'),(88,20,56,'2026-01-27 21:18:35','2026-01-27 21:18:35'),(90,20,25,'2026-01-27 21:18:42','2026-01-27 21:18:42'),(91,22,62,'2026-01-27 21:57:43','2026-01-27 21:57:43'),(92,22,1,'2026-01-27 21:57:43','2026-01-27 21:57:43'),(93,23,19,'2026-01-27 22:01:31','2026-01-27 22:01:31'),(94,23,3,'2026-01-27 22:01:31','2026-01-27 22:01:31'),(95,23,5,'2026-01-27 22:01:31','2026-01-27 22:01:31'),(96,23,7,'2026-01-27 22:01:31','2026-01-27 22:01:31'),(98,22,25,'2026-01-27 22:02:20','2026-01-27 22:02:20'),(100,21,25,'2026-01-28 14:20:17','2026-01-28 14:20:17'),(101,17,25,'2026-01-28 14:24:51','2026-01-28 14:24:51');
/*!40000 ALTER TABLE `conversation_participants` ENABLE KEYS */;
UNLOCK TABLES;

--
-- Table structure for table `conversations`
--

DROP TABLE IF EXISTS `conversations`;
/*!40101 SET @saved_cs_client     = @@character_set_client */;
/*!50503 SET character_set_client = utf8mb4 */;
CREATE TABLE `conversations` (
  `id` bigint unsigned NOT NULL AUTO_INCREMENT,
  `created_by` bigint unsigned NOT NULL,
  `name` varchar(255) COLLATE utf8mb4_unicode_ci DEFAULT NULL,
  `type` enum('group','direct') COLLATE utf8mb4_unicode_ci DEFAULT 'direct',
  `created_at` timestamp DEFAULT CURRENT_TIMESTAMP,
  `updated_at` timestamp DEFAULT CURRENT_TIMESTAMP ON UPDATE CURRENT_TIMESTAMP,
  PRIMARY KEY (`id`) /*T![clustered_index] CLUSTERED */,
  KEY `idx_created_by` (`created_by`),
  CONSTRAINT `fk_conversation_created_by_user_id` FOREIGN KEY (`created_by`) REFERENCES `users` (`id`) ON DELETE CASCADE
) ENGINE=InnoDB DEFAULT CHARSET=utf8mb4 COLLATE=utf8mb4_unicode_ci AUTO_INCREMENT=60024;
/*!40101 SET character_set_client = @saved_cs_client */;

--
-- Dumping data for table `conversations`
--

LOCK TABLES `conversations` WRITE;
/*!40000 ALTER TABLE `conversations` DISABLE KEYS */;
INSERT INTO `conversations` VALUES (1,1,'F8 team dev 2','direct','2026-01-27 14:03:48','2026-01-27 14:03:48'),(10,19,'F8 team dev 2','direct','2026-01-27 15:18:21','2026-01-27 15:18:21'),(11,19,'F8 team dev 2','direct','2026-01-27 15:18:29','2026-01-27 15:18:29'),(12,19,'F8 team dev 2','group','2026-01-27 15:19:06','2026-01-27 15:19:06'),(13,19,'F8 team dev 2','group','2026-01-27 15:50:11','2026-01-27 15:50:11'),(14,24,'Final Test Group','group','2026-01-27 15:55:43','2026-01-27 15:55:43'),(15,19,'F8 team dev 2','group','2026-01-27 16:34:22','2026-01-27 16:34:22'),(16,19,'F8 team dev 2','group','2026-01-27 16:34:36','2026-01-27 16:34:36'),(17,19,'F8 team dev 2','group','2026-01-27 21:10:09','2026-01-27 21:10:09'),(18,59,'F8 team dev 2','group','2026-01-27 21:15:17','2026-01-27 21:15:17'),(19,59,NULL,'direct','2026-01-27 21:15:45','2026-01-27 21:15:45'),(20,59,'Dev F8','group','2026-01-27 21:16:43','2026-01-27 21:16:43'),(21,59,'Dev F8','group','2026-01-27 21:16:45','2026-01-27 21:16:45'),(22,62,'Test Group','group','2026-01-27 21:57:43','2026-01-27 21:57:43'),(23,19,'Dev F8','group','2026-01-27 22:01:31','2026-01-27 22:01:31');
/*!40000 ALTER TABLE `conversations` ENABLE KEYS */;
UNLOCK TABLES;

--
-- Table structure for table `messages`
--

DROP TABLE IF EXISTS `messages`;
/*!40101 SET @saved_cs_client     = @@character_set_client */;
/*!50503 SET character_set_client = utf8mb4 */;
CREATE TABLE `messages` (
  `id` bigint unsigned NOT NULL AUTO_INCREMENT,
  `conversation_id` bigint unsigned NOT NULL,
  `sender_id` bigint unsigned NOT NULL,
  `content` varchar(500) COLLATE utf8mb4_unicode_ci NOT NULL,
  `created_at` timestamp DEFAULT CURRENT_TIMESTAMP,
  `updated_at` timestamp DEFAULT CURRENT_TIMESTAMP ON UPDATE CURRENT_TIMESTAMP,
  PRIMARY KEY (`id`) /*T![clustered_index] CLUSTERED */,
  KEY `fk_messages_conversation_id_conversations_id` (`conversation_id`),
  KEY `fk_messages_sender_id_users_id` (`sender_id`),
  CONSTRAINT `fk_messages_conversation_id_conversations_id` FOREIGN KEY (`conversation_id`) REFERENCES `conversations` (`id`) ON DELETE CASCADE ON UPDATE CASCADE,
  CONSTRAINT `fk_messages_sender_id_users_id` FOREIGN KEY (`sender_id`) REFERENCES `users` (`id`) ON DELETE CASCADE ON UPDATE CASCADE
) ENGINE=InnoDB DEFAULT CHARSET=utf8mb4 COLLATE=utf8mb4_unicode_ci AUTO_INCREMENT=60039;
/*!40101 SET character_set_client = @saved_cs_client */;

--
-- Dumping data for table `messages`
--

LOCK TABLES `messages` WRITE;
/*!40000 ALTER TABLE `messages` DISABLE KEYS */;
INSERT INTO `messages` VALUES (1,1,5,'Content 1','2026-01-27 10:14:52','2026-01-27 10:14:52'),(2,1,5,'Content 1','2026-01-27 10:15:13','2026-01-27 10:15:13'),(3,1,5,'Content 1','2026-01-27 10:16:42','2026-01-27 10:16:42'),(4,1,5,'Content 1','2026-01-27 10:17:52','2026-01-27 10:17:52'),(5,1,1,'Content 1','2026-01-27 10:18:58','2026-01-27 10:18:58'),(6,1,1,'Content 1','2026-01-27 10:19:03','2026-01-27 10:19:03'),(7,1,1,'Hom nay di hoc chua','2026-01-27 10:20:42','2026-01-27 10:20:42'),(10,1,1,'Nho dat don hang shopee nhe!!!@','2026-01-27 14:22:18','2026-01-27 14:22:18'),(11,1,1,'Nho dat don hang shopee nhe!!!@','2026-01-27 14:22:20','2026-01-27 14:22:20'),(14,10,1,'Nho dat don hang shopee nhe!!!@','2026-01-27 15:21:15','2026-01-27 15:21:15'),(15,10,1,'Nho dat don hang shopee nhe!!!@','2026-01-27 15:21:18','2026-01-27 15:21:18'),(16,1,1,'Nho dat don hang shopee nhe!!!@','2026-01-27 15:21:29','2026-01-27 15:21:29'),(20,11,19,'Nho dat don hang shopee nhe!!!@','2026-01-27 15:53:50','2026-01-27 15:53:50'),(21,11,19,'Nho dat don hang shopee nhe!!!@','2026-01-27 15:53:51','2026-01-27 15:53:51'),(22,11,19,'Nho dat don hang shopee anhe!!!@','2026-01-27 15:54:02','2026-01-27 15:54:02'),(23,14,24,'Final verification message','2026-01-27 15:55:43','2026-01-27 15:55:43'),(24,11,19,'Nho dat don hang shopee anhe!!!@','2026-01-27 16:36:15','2026-01-27 16:36:15'),(25,11,19,'Nho dat don hang shopee anhe!!!@','2026-01-27 16:36:17','2026-01-27 16:36:17'),(26,11,19,'Nho dat don hang shopee anhe!!!@','2026-01-27 16:47:59','2026-01-27 16:47:59'),(27,11,59,'Nho dat don hang shopee anhe!!!@','2026-01-27 21:18:55','2026-01-27 21:18:55'),(28,1,59,'Nho dat don hang shopee anhe!!!@','2026-01-27 21:20:49','2026-01-27 21:20:49'),(29,19,59,'Nau com chua the nhi?','2026-01-27 21:33:18','2026-01-27 21:33:18'),(30,19,59,'Nau com chua the nhi?','2026-01-27 21:33:37','2026-01-27 21:33:37'),(31,19,59,'Nau com chua the nhi?','2026-01-27 21:33:39','2026-01-27 21:33:39'),(32,19,59,'Nau com chua the nhi?','2026-01-27 21:33:42','2026-01-27 21:33:42'),(33,20,59,'Nau com chua the nhi?','2026-01-27 21:33:49','2026-01-27 21:33:49'),(34,20,59,'Nau com chua the nhi?','2026-01-27 21:34:01','2026-01-27 21:34:01'),(35,20,59,'Nau com chua the nhi?','2026-01-27 21:34:17','2026-01-27 21:34:17'),(36,22,62,'Hello API Test!','2026-01-27 21:57:43','2026-01-27 21:57:43'),(37,23,19,'Nau com chua the nhi?','2026-01-27 22:03:35','2026-01-27 22:03:35'),(38,23,19,'Nau com chua the nhi?','2026-01-27 22:03:37','2026-01-27 22:03:37');
/*!40000 ALTER TABLE `messages` ENABLE KEYS */;
UNLOCK TABLES;

--
-- Table structure for table `queues`
--

DROP TABLE IF EXISTS `queues`;
/*!40101 SET @saved_cs_client     = @@character_set_client */;
/*!50503 SET character_set_client = utf8mb4 */;
CREATE TABLE `queues` (
  `id` bigint unsigned NOT NULL AUTO_INCREMENT,
  `type` varchar(100) COLLATE utf8mb4_unicode_ci DEFAULT NULL,
  `payload` varchar(255) COLLATE utf8mb4_unicode_ci DEFAULT NULL,
  `status` varchar(20) COLLATE utf8mb4_unicode_ci NOT NULL DEFAULT 'pending',
  `created_at` timestamp DEFAULT CURRENT_TIMESTAMP,
  `updated_at` timestamp DEFAULT CURRENT_TIMESTAMP ON UPDATE CURRENT_TIMESTAMP,
  PRIMARY KEY (`id`) /*T![clustered_index] CLUSTERED */
) ENGINE=InnoDB DEFAULT CHARSET=utf8mb4 COLLATE=utf8mb4_unicode_ci AUTO_INCREMENT=90001;
/*!40101 SET character_set_client = @saved_cs_client */;

--
-- Dumping data for table `queues`
--

LOCK TABLES `queues` WRITE;
/*!40000 ALTER TABLE `queues` DISABLE KEYS */;
INSERT INTO `queues` VALUES (4,'sendVerificationEmail','{\"id\":120093,\"email\":\"trungdang.dqt@gmail.com\"}','completed','2026-02-04 12:24:23','2026-02-04 12:24:26'),(5,'changePassword','{\"email\":\"trungdang.dqt@gmail.com\"}','completed','2026-02-04 12:26:08','2026-02-04 12:26:09'),(30001,'sendVerificationEmail','{\"id\":150091,\"email\":\"trungdang.dqt@gmail.com\"}','completed','2026-02-05 01:58:29','2026-02-05 01:58:31'),(30002,'changePassword','{\"email\":\"trungdang.dqt@gmail.com\"}','completed','2026-02-05 02:02:20','2026-02-05 02:02:21'),(30003,'changePassword','{\"email\":\"trungdang.dqt@gmail.com\"}','completed','2026-02-05 02:02:39','2026-02-05 02:02:39'),(30004,'changePassword','{\"email\":\"trungdang.dqt@gmail.com\"}','completed','2026-02-05 02:08:25','2026-02-05 02:08:28'),(30005,'changePassword','{\"email\":\"trungdang.dqt@gmail.com\"}','completed','2026-02-05 02:09:20','2026-02-05 02:09:23'),(30006,'sendVerificationEmail','{\"id\":150093,\"email\":\"trungdang.dqt@gmail.com\"}','completed','2026-02-05 02:10:33','2026-02-05 02:10:36'),(30007,'changePassword','{\"email\":\"trungdang.dqt@gmail.com\"}','completed','2026-02-05 02:12:12','2026-02-05 02:12:13'),(30008,'sendVerificationEmail','{\"id\":150095,\"email\":\"trungdang.dqt@gmail.com\"}','completed','2026-02-05 02:24:16','2026-02-05 02:24:19'),(30009,'sendPasswordChangeEmail','{\"email\":\"trungdang.dqt@gmail.com\"}','completed','2026-02-05 02:26:03','2026-02-05 02:26:04'),(30010,'sendPasswordChangeEmail','{\"email\":\"trungdang.dqt@gmail.com\"}','completed','2026-02-05 02:29:38','2026-02-05 02:29:38'),(30011,'sendPasswordChangeEmail','{\"email\":\"trungdang.dqt@gmail.com\"}','completed','2026-02-05 02:38:00','2026-02-05 02:38:02'),(30012,'sendVerificationEmail','{\"id\":150096,\"email\":\"trungdang.dqt@gmail.com\"}','completed','2026-02-05 02:38:51','2026-02-05 02:38:52'),(30013,'sendPasswordChangeEmail','{\"email\":\"trungdang.dqt@gmail.com\"}','completed','2026-02-05 02:40:07','2026-02-05 02:40:09'),(30014,'sendVerificationEmail','{\"id\":150097,\"email\":\"trungdang.dqt@gmail.com\"}','completed','2026-02-05 02:47:15','2026-02-05 02:47:16'),(30015,'sendPasswordChangeEmail','{\"email\":\"trungdang.dqt@gmail.com\"}','completed','2026-02-05 02:55:55','2026-02-05 02:55:58');
/*!40000 ALTER TABLE `queues` ENABLE KEYS */;
UNLOCK TABLES;

--
-- Table structure for table `revoked_tokens`
--

DROP TABLE IF EXISTS `revoked_tokens`;
/*!40101 SET @saved_cs_client     = @@character_set_client */;
/*!50503 SET character_set_client = utf8mb4 */;
CREATE TABLE `revoked_tokens` (
  `id` bigint unsigned NOT NULL AUTO_INCREMENT,
  `user_id` bigint unsigned DEFAULT NULL,
  `token` varchar(255) COLLATE utf8mb4_unicode_ci DEFAULT NULL,
  `expires_at` timestamp NULL DEFAULT NULL,
  `is_revoked` tinyint DEFAULT '0',
  `created_at` timestamp DEFAULT CURRENT_TIMESTAMP,
  `updated_at` timestamp DEFAULT CURRENT_TIMESTAMP ON UPDATE CURRENT_TIMESTAMP,
  PRIMARY KEY (`id`) /*T![clustered_index] CLUSTERED */
) ENGINE=InnoDB DEFAULT CHARSET=utf8mb4 COLLATE=utf8mb4_unicode_ci AUTO_INCREMENT=210039;
/*!40101 SET character_set_client = @saved_cs_client */;

--
-- Dumping data for table `revoked_tokens`
--

LOCK TABLES `revoked_tokens` WRITE;
/*!40000 ALTER TABLE `revoked_tokens` DISABLE KEYS */;
INSERT INTO `revoked_tokens` VALUES (1,19,'eyJhbGciOiJIUzI1NiIsInR5cCI6IkpXVCJ9.eyJzdWIiOjE5LCJleHAiOjE3NzA2OTA4NTguMTM1LCJpYXQiOjE3NzAwODYwNTh9.TZGrx75CMNpkj_OghlSvPeEtJiPqk_waDszf_XGRRyU','2026-02-10 09:34:18',1,'2026-02-03 09:34:18','2026-02-03 09:58:08'),(2,19,'eyJhbGciOiJIUzI1NiIsInR5cCI6IkpXVCJ9.eyJzdWIiOjE5LCJleHAiOjE3NzA2OTI0MjcuMDU4LCJpYXQiOjE3NzAwODc2Mjd9.v95OzRYJB7m_GIl0O1cIC7GRNOJ4L6nyavxgkQXbaQk','2026-02-10 10:00:27',0,'2026-02-03 10:00:27','2026-02-03 10:00:27'),(3,19,'eyJhbGciOiJIUzI1NiIsInR5cCI6IkpXVCJ9.eyJzdWIiOjE5LCJleHAiOjE3NzA2OTI0OTIuMTE3LCJpYXQiOjE3NzAwODc2OTJ9.j5xEseNUw3aTiQNN5CudTt3gkbPaPR0OYkGlF75NTlE','2026-02-10 10:01:32',1,'2026-02-03 10:01:32','2026-02-03 10:03:09'),(4,19,'eyJhbGciOiJIUzI1NiIsInR5cCI6IkpXVCJ9.eyJzdWIiOjE5LCJleHAiOjE3NzA2OTI1ODkuMTQ2LCJpYXQiOjE3NzAwODc3ODl9.1efKvmOaG1hn3IHddf5_-Dan4BE6irAkKq8_xpmw6T0','2026-02-10 10:03:09',1,'2026-02-03 10:03:09','2026-02-03 10:04:48'),(5,67,'eyJhbGciOiJIUzI1NiIsInR5cCI6IkpXVCJ9.eyJzdWIiOjY3LCJleHAiOjE3NzA2OTMyNTMuNzI4LCJpYXQiOjE3NzAwODg0NTN9.nt_vzDENA42Vq93xirp3RJsDIBsHDSkBtcehGsWU9Cg','2026-02-10 10:14:14',0,'2026-02-03 10:14:13','2026-02-03 10:14:13'),(6,67,'eyJhbGciOiJIUzI1NiIsInR5cCI6IkpXVCJ9.eyJzdWIiOjY3LCJleHAiOjE3NzA2OTMyNTMuOTA2LCJpYXQiOjE3NzAwODg0NTN9._W489Yp_QVWmQBo-NIsUhnZXdgTfFAAkFzItGl1pknc','2026-02-10 10:14:14',1,'2026-02-03 10:14:13','2026-02-03 10:14:14'),(7,67,'eyJhbGciOiJIUzI1NiIsInR5cCI6IkpXVCJ9.eyJzdWIiOjY3LCJleHAiOjE3NzA2OTMyNTQuOTg3LCJpYXQiOjE3NzAwODg0NTR9._hfyrwsIIFcRu4cROdUFcdjaqYjNqDqz20aLQEwQoN4','2026-02-10 10:14:15',1,'2026-02-03 10:14:14','2026-02-03 10:14:15'),(8,67,'eyJhbGciOiJIUzI1NiIsInR5cCI6IkpXVCJ9.eyJzdWIiOjY3LCJleHAiOjE3NzA2OTMyNTUuMjk3LCJpYXQiOjE3NzAwODg0NTV9.2NzChHrixHWflh_pgWf5ku1qPMB-IQwr7znfD3Fgv08','2026-02-10 10:14:15',0,'2026-02-03 10:14:15','2026-02-03 10:14:15'),(9,69,'eyJhbGciOiJIUzI1NiIsInR5cCI6IkpXVCJ9.eyJzdWIiOjY5LCJleHAiOjE3NzA2OTMyNTUuNDk1LCJpYXQiOjE3NzAwODg0NTV9.OC8HZAJS9LUuMTweQLN1Jqz7C9uIn30SUKQNQwKksnw','2026-02-10 10:14:15',0,'2026-02-03 10:14:15','2026-02-03 10:14:15'),(10,69,'eyJhbGciOiJIUzI1NiIsInR5cCI6IkpXVCJ9.eyJzdWIiOjY5LCJleHAiOjE3NzA2OTMyNTUuNjg5LCJpYXQiOjE3NzAwODg0NTV9.P1TbrsAGQZixx-h48FqHAOWNxm2crjCrASCRHyfXWYQ','2026-02-10 10:14:16',0,'2026-02-03 10:14:15','2026-02-03 10:14:15'),(11,70,'eyJhbGciOiJIUzI1NiIsInR5cCI6IkpXVCJ9.eyJzdWIiOjcwLCJleHAiOjE3NzA2OTMzMDAuOTU0LCJpYXQiOjE3NzAwODg1MDB9.s_1A5V9unqSCUIlGGQFLuCTP05joxiz51V_X8PSRlsI','2026-02-10 10:15:01',0,'2026-02-03 10:15:00','2026-02-03 10:15:00'),(12,70,'eyJhbGciOiJIUzI1NiIsInR5cCI6IkpXVCJ9.eyJzdWIiOjcwLCJleHAiOjE3NzA2OTMzMDEuMjIsImlhdCI6MTc3MDA4ODUwMX0.ZkaYGbdj0KzHj4n6AHvi_pnDXJIlMgG61zyJxnwQVs4','2026-02-10 10:15:01',1,'2026-02-03 10:15:01','2026-02-03 10:15:02'),(13,70,'eyJhbGciOiJIUzI1NiIsInR5cCI6IkpXVCJ9.eyJzdWIiOjcwLCJleHAiOjE3NzA2OTMzMDIuNDcsImlhdCI6MTc3MDA4ODUwMn0.z3UUNz4zX4CiE3UDb2qSDvRpgdk1w2kAAD5SIs6m6mA','2026-02-10 10:15:02',1,'2026-02-03 10:15:02','2026-02-03 10:15:02'),(14,70,'eyJhbGciOiJIUzI1NiIsInR5cCI6IkpXVCJ9.eyJzdWIiOjcwLCJleHAiOjE3NzA2OTMzMDIuNzYyLCJpYXQiOjE3NzAwODg1MDJ9.EQvkkZFuBISUDSKzrD8T9rNpXJPdek-GxgujX2B_VIw','2026-02-10 10:15:03',0,'2026-02-03 10:15:02','2026-02-03 10:15:02'),(15,72,'eyJhbGciOiJIUzI1NiIsInR5cCI6IkpXVCJ9.eyJzdWIiOjcyLCJleHAiOjE3NzA2OTMzMDIuODI4LCJpYXQiOjE3NzAwODg1MDJ9.F3ba6B7EvD9Z2rqaZyNNeWXexxZ_t8LTzJjgpiRoQ5Y','2026-02-10 10:15:03',0,'2026-02-03 10:15:02','2026-02-03 10:15:02'),(16,72,'eyJhbGciOiJIUzI1NiIsInR5cCI6IkpXVCJ9.eyJzdWIiOjcyLCJleHAiOjE3NzA2OTMzMDIuODgzLCJpYXQiOjE3NzAwODg1MDJ9.v2jl8ids2_ysljEb5zFs2RwKNQ1TCa4XeIAaojwSYUQ','2026-02-10 10:15:03',0,'2026-02-03 10:15:02','2026-02-03 10:15:02'),(17,19,'eyJhbGciOiJIUzI1NiIsInR5cCI6IkpXVCJ9.eyJzdWIiOjE5LCJleHAiOjE3NzA2OTM0OTEuNDM5LCJpYXQiOjE3NzAwODg2OTF9.9TerKRhgAkADDwY8eLq17qb1NndqcRfcVGswEFhQjKc','2026-02-10 10:18:11',1,'2026-02-03 10:18:11','2026-02-03 10:19:03'),(18,19,'eyJhbGciOiJIUzI1NiIsInR5cCI6IkpXVCJ9.eyJzdWIiOjE5LCJleHAiOjE3NzA2OTM1NDMuNDc3LCJpYXQiOjE3NzAwODg3NDN9.wlEVEfW94-jPY0R-jCjgqCfV8VBzf0mYs6CVjnHLX6w','2026-02-10 10:19:03',1,'2026-02-03 10:19:03','2026-02-03 10:20:13'),(19,19,'eyJhbGciOiJIUzI1NiIsInR5cCI6IkpXVCJ9.eyJzdWIiOjE5LCJleHAiOjE3NzA2OTQ5MTcuODM4LCJpYXQiOjE3NzAwOTAxMTd9.P0GBvXX1_Z3FYq2AW6qyUhcZzwSWMs8hj7KfYx726uo','2026-02-10 10:41:58',0,'2026-02-03 10:41:57','2026-02-03 10:41:57'),(20,75,'eyJhbGciOiJIUzI1NiIsInR5cCI6IkpXVCJ9.eyJzdWIiOjc1LCJleHAiOjE3NzA3MjgxMzEuOTA4LCJpYXQiOjE3NzAxMjMzMzF9.LvhfugZACMYckPNVKMUepQgVFbvHya_1oN9PPyW0Zmk','2026-02-10 19:55:32',0,'2026-02-03 19:55:31','2026-02-03 19:55:31'),(21,76,'eyJhbGciOiJIUzI1NiIsInR5cCI6IkpXVCJ9.eyJzdWIiOjc2LCJleHAiOjE3NzA3MjgxNjkuNTg2LCJpYXQiOjE3NzAxMjMzNjl9.ZTlcQi6rpjZIhbPBNkh_v3XJkZei4eNtox5HE3CiHAM','2026-02-10 19:56:10',0,'2026-02-03 19:56:09','2026-02-03 19:56:09'),(22,78,'eyJhbGciOiJIUzI1NiIsInR5cCI6IkpXVCJ9.eyJzdWIiOjc4LCJleHAiOjE3NzA3Mjg1MDYuNjg1LCJpYXQiOjE3NzAxMjM3MDZ9.Xlsq1PkR67Wu48GfowOh9_tNyWB8y0IsqN4Te38y1BU','2026-02-10 20:01:47',0,'2026-02-03 20:01:46','2026-02-03 20:01:46'),(23,79,'eyJhbGciOiJIUzI1NiIsInR5cCI6IkpXVCJ9.eyJzdWIiOjc5LCJleHAiOjE3NzA3MjkyOTAuNjY1LCJpYXQiOjE3NzAxMjQ0OTB9.A4kGs4C2GWe2fYZY4noW3Oj_eO6HiXobaB8oMlnWWyQ','2026-02-10 20:14:51',0,'2026-02-03 20:14:50','2026-02-03 20:14:50'),(24,81,'eyJhbGciOiJIUzI1NiIsInR5cCI6IkpXVCJ9.eyJzdWIiOjgxLCJleHAiOjE3NzA3MzM4NjYuNDk4LCJpYXQiOjE3NzAxMjkwNjZ9.qTdS5hGEXNNqydd9F9-DQ5rxey9JrWGwo9LtqPFbA5M','2026-02-10 21:31:06',0,'2026-02-03 21:31:06','2026-02-03 21:31:06'),(25,82,'eyJhbGciOiJIUzI1NiIsInR5cCI6IkpXVCJ9.eyJzdWIiOjgyLCJleHAiOjE3NzA3MzQxMTIuNDE1LCJpYXQiOjE3NzAxMjkzMTJ9.kJtOl3WV-d8EvwwWQYx5e5LFRFfBl1bvmuw3y-7FSG8','2026-02-10 21:35:12',0,'2026-02-03 21:35:12','2026-02-03 21:35:12'),(26,83,'eyJhbGciOiJIUzI1NiIsInR5cCI6IkpXVCJ9.eyJzdWIiOjgzLCJleHAiOjE3NzA3MzQzOTguMjI1LCJpYXQiOjE3NzAxMjk1OTh9.7udLJ3bxLXNVcjswhhj_XqLCQYc4Sakyc3kD2WDXhbw','2026-02-10 21:39:58',0,'2026-02-03 21:39:58','2026-02-03 21:39:58'),(27,85,'eyJhbGciOiJIUzI1NiIsInR5cCI6IkpXVCJ9.eyJzdWIiOjg1LCJleHAiOjE3NzA3MzQ0OTkuOTg4LCJpYXQiOjE3NzAxMjk2OTl9.KYgSUl-HpHFSinXF255FQ1cGTD4XISm5RQbBi67EEXY','2026-02-10 21:41:40',0,'2026-02-03 21:41:39','2026-02-03 21:41:39'),(28,86,'eyJhbGciOiJIUzI1NiIsInR5cCI6IkpXVCJ9.eyJzdWIiOjg2LCJleHAiOjE3NzA3MzQ2NjUuMzgsImlhdCI6MTc3MDEyOTg2NX0.MchNiZXUS7uueJ6q0lHS_7XzRCWXHKrMEyX0RZdZHco','2026-02-10 21:44:25',0,'2026-02-03 21:44:25','2026-02-03 21:44:25'),(29,87,'eyJhbGciOiJIUzI1NiIsInR5cCI6IkpXVCJ9.eyJzdWIiOjg3LCJleHAiOjE3NzA3MzQ3NzkuMjIsImlhdCI6MTc3MDEyOTk3OX0.6i-gl1mfB1wgnbCFVZJU4-0HoejsW-HkrCrz8egMD_4','2026-02-10 21:46:19',0,'2026-02-03 21:46:19','2026-02-03 21:46:19'),(30,88,'eyJhbGciOiJIUzI1NiIsInR5cCI6IkpXVCJ9.eyJzdWIiOjg4LCJleHAiOjE3NzA3MzQ4NDIuNTEsImlhdCI6MTc3MDEzMDA0Mn0.o7jb0KI_hY15lYsBffYt0yjMininq_tKBoGJVYosJMI','2026-02-10 21:47:23',0,'2026-02-03 21:47:22','2026-02-03 21:47:22'),(31,89,'eyJhbGciOiJIUzI1NiIsInR5cCI6IkpXVCJ9.eyJzdWIiOjg5LCJleHAiOjE3NzA3MzQ5NTIuNDY3LCJpYXQiOjE3NzAxMzAxNTJ9.pE9TSByD0Pa_KzM-V5F1wdyom6uJIKo0__atn62cV9M','2026-02-10 21:49:12',0,'2026-02-03 21:49:12','2026-02-03 21:49:12'),(32,19,'eyJhbGciOiJIUzI1NiIsInR5cCI6IkpXVCJ9.eyJzdWIiOjE5LCJleHAiOjE3NzA3MzcwMzEuMjA1LCJpYXQiOjE3NzAxMzIyMzF9.FOMBMYbpZJT29IdlAGpOT1w99KbqpYX8PAwNHEkqzJM','2026-02-10 22:23:51',0,'2026-02-03 22:23:51','2026-02-03 22:23:51'),(33,19,'eyJhbGciOiJIUzI1NiIsInR5cCI6IkpXVCJ9.eyJzdWIiOjE5LCJleHAiOjE3NzA3MzcyNDQuOTk4LCJpYXQiOjE3NzAxMzI0NDR9.z6rvgaE42agWcrav0DpcAiOuOjnLBKGLFUg-x-iaI5I','2026-02-10 22:27:25',1,'2026-02-03 22:27:24','2026-02-03 22:43:52'),(34,19,'eyJhbGciOiJIUzI1NiIsInR5cCI6IkpXVCJ9.eyJzdWIiOjE5LCJleHAiOjE3NzA3MzcyOTYuNDM1LCJpYXQiOjE3NzAxMzI0OTZ9.OQqYCrcYjy1PEAg9ye3bdmaSw8-SAgViyCh5d1NVscQ','2026-02-10 22:28:16',0,'2026-02-03 22:28:16','2026-02-03 22:28:16'),(35,19,'eyJhbGciOiJIUzI1NiIsInR5cCI6IkpXVCJ9.eyJzdWIiOjE5LCJleHAiOjE3NzA3Mzc3MTQuNDk0LCJpYXQiOjE3NzAxMzI5MTR9.ZdFK_mcVDHeIlnGvGdTXOOrGpNCwOllTZ8QV7RY8TFY','2026-02-10 22:35:14',0,'2026-02-03 22:35:14','2026-02-03 22:35:14'),(36,19,'eyJhbGciOiJIUzI1NiIsInR5cCI6IkpXVCJ9.eyJzdWIiOjE5LCJleHAiOjE3NzA3NzUzMjQuNTQ0LCJpYXQiOjE3NzAxNzA1MjR9.LPzhLEvNXcaowv_4SQ9ZYHygTViAFUxC-4t1pz_UKds','2026-02-11 09:02:05',1,'2026-02-04 09:02:04','2026-02-04 09:03:35'),(37,19,'eyJhbGciOiJIUzI1NiIsInR5cCI6IkpXVCJ9.eyJzdWIiOjE5LCJleHAiOjE3NzA3NzU0MzYuMDg4LCJpYXQiOjE3NzAxNzA2MzZ9.RJf9r_5rebQaMJx095Y3kGhMODoqZO-KK7NbMwIa_po','2026-02-11 09:03:56',1,'2026-02-04 09:03:56','2026-02-04 09:07:52'),(38,90,'eyJhbGciOiJIUzI1NiIsInR5cCI6IkpXVCJ9.eyJzdWIiOjkwLCJleHAiOjE3NzA3NzU2ODguNTY2LCJpYXQiOjE3NzAxNzA4ODh9.XrxMXuLjJ9nyR5lGa88m1cyisGMpHapG1DExyCzRLu0','2026-02-11 09:08:09',0,'2026-02-04 09:08:08','2026-02-04 09:08:08'),(39,91,'eyJhbGciOiJIUzI1NiIsInR5cCI6IkpXVCJ9.eyJzdWIiOjkxLCJleHAiOjE3NzA3Nzk2MjEuODYsImlhdCI6MTc3MDE3NDgyMX0.n_mJW7sBRPfhj-nOfesqT6IqjeWOvzdFgNUZ9G8vUwU','2026-02-11 10:13:42',0,'2026-02-04 03:13:41','2026-02-04 03:13:41'),(30039,30091,'eyJhbGciOiJIUzI1NiIsInR5cCI6IkpXVCJ9.eyJzdWIiOjMwMDkxLCJleHAiOjE3NzA3ODE5NjQuNjcyLCJpYXQiOjE3NzAxNzcxNjR9.599m8LCnpLjYZQ1cFxySIjxO_5KcO3ofreILKJ8oAAE','2026-02-11 10:52:45',0,'2026-02-04 03:52:44','2026-02-04 03:52:44'),(30040,30092,'eyJhbGciOiJIUzI1NiIsInR5cCI6IkpXVCJ9.eyJzdWIiOjMwMDkyLCJleHAiOjE3NzA3ODI5MDEuMjI5LCJpYXQiOjE3NzAxNzgxMDF9.VW1c0W74jR1JJ8LB2mPIZTgb5eLBO4mk22to3GLbtDc','2026-02-11 11:08:21',0,'2026-02-04 04:08:21','2026-02-04 04:08:21'),(30041,30093,'eyJhbGciOiJIUzI1NiIsInR5cCI6IkpXVCJ9.eyJzdWIiOjMwMDkzLCJleHAiOjE3NzA3ODM1NzkuNDAzLCJpYXQiOjE3NzAxNzg3Nzl9.AZgNR3ChwrnV6i_2FULI0O_I69l96mFmax4NV-5gWKA','2026-02-11 11:19:39',0,'2026-02-04 04:19:39','2026-02-04 04:19:39'),(30042,30094,'eyJhbGciOiJIUzI1NiIsInR5cCI6IkpXVCJ9.eyJzdWIiOjMwMDk0LCJleHAiOjE3NzA3ODM3MDMuMzM4LCJpYXQiOjE3NzAxNzg5MDN9.nozK3XGBmHD7gKmZnhSzuiuS7vdAAiOGj8fzv8JaeKA','2026-02-11 11:21:43',0,'2026-02-04 04:21:43','2026-02-04 04:21:43'),(30043,30095,'eyJhbGciOiJIUzI1NiIsInR5cCI6IkpXVCJ9.eyJzdWIiOjMwMDk1LCJleHAiOjE3NzA3ODQwNjguNTMzLCJpYXQiOjE3NzAxNzkyNjh9.s8aEJlWt4xVbVhyhF-RURZNq1j1ajyWNAELrFrKfbAM','2026-02-11 11:27:49',0,'2026-02-04 04:27:48','2026-02-04 04:27:48'),(30044,30096,'eyJhbGciOiJIUzI1NiIsInR5cCI6IkpXVCJ9.eyJzdWIiOjMwMDk2LCJleHAiOjE3NzA3ODQyMTIuOTE4LCJpYXQiOjE3NzAxNzk0MTJ9.CJXOp2inYCSkZRkdMj_Gp7qG0W_BYiMNZOMk24YDj48','2026-02-11 11:30:13',0,'2026-02-04 04:30:12','2026-02-04 04:30:12'),(60039,60091,'eyJhbGciOiJIUzI1NiIsInR5cCI6IkpXVCJ9.eyJzdWIiOjYwMDkxLCJleHAiOjE3NzA3ODUxODIuNjQzLCJpYXQiOjE3NzAxODAzODJ9.GGY4cFawIcmtzhfuI8gTKJYdQJlBUEUZ_J0iyrwPE8I','2026-02-11 04:46:23',0,'2026-02-04 04:46:22','2026-02-04 04:46:22'),(90039,19,'eyJhbGciOiJIUzI1NiIsInR5cCI6IkpXVCJ9.eyJzdWIiOjE5LCJleHAiOjE3NzA3OTQ2OTUuMTUsImlhdCI6MTc3MDE4OTg5NX0._3Z-w71Eu1bZ1jucATsGhvgxQ0hdMhUkL0UkOTUoGV8','2026-02-11 07:24:55',0,'2026-02-04 07:24:55','2026-02-04 07:24:55'),(90040,90091,'eyJhbGciOiJIUzI1NiIsInR5cCI6IkpXVCJ9.eyJzdWIiOjkwMDkxLCJleHAiOjE3NzA3OTU1ODQuODgyLCJpYXQiOjE3NzAxOTA3ODR9.KMVjSKzwsdQf-xHjL7WysK02802RvmJLl5IncOXzadE','2026-02-11 07:39:45',0,'2026-02-04 07:39:44','2026-02-04 07:39:44'),(90041,90092,'eyJhbGciOiJIUzI1NiIsInR5cCI6IkpXVCJ9.eyJzdWIiOjkwMDkyLCJleHAiOjE3NzA3OTY4NTkuMzQ1LCJpYXQiOjE3NzAxOTIwNTl9.B34k6wGpBBaer3IFSCxwteSW2OFAIqqHj4-a7jx6-nk','2026-02-11 01:00:59',0,'2026-02-04 08:00:59','2026-02-04 08:00:59'),(90042,90094,'eyJhbGciOiJIUzI1NiIsInR5cCI6IkpXVCJ9.eyJzdWIiOjkwMDk0LCJleHAiOjE3NzA3OTcxMjMuOTMzLCJpYXQiOjE3NzAxOTIzMjN9.21xkUq4e6yT-8Zh4AO61J6pPPu9kZiZ1Fs2daKraNwg','2026-02-11 01:05:24',0,'2026-02-04 08:05:23','2026-02-04 08:05:23'),(90043,90096,'eyJhbGciOiJIUzI1NiIsInR5cCI6IkpXVCJ9.eyJzdWIiOjkwMDk2LCJleHAiOjE3NzA3OTc0MDguNTgyLCJpYXQiOjE3NzAxOTI2MDh9.20R4As8mqQzG3Xxl0LOdQSkbkpLJ7ObUZ9KOr2YyUhg','2026-02-11 08:10:09',0,'2026-02-04 08:10:08','2026-02-04 08:10:08'),(90044,90097,'eyJhbGciOiJIUzI1NiIsInR5cCI6IkpXVCJ9.eyJzdWIiOjkwMDk3LCJleHAiOjE3NzA3OTg4OTYuOTMyLCJpYXQiOjE3NzAxOTQwOTZ9.fYuLqL2CCpsJc2XGERmchkD6mdLZ9hwIAuumB31CY_o','2026-02-11 01:34:57',0,'2026-02-04 08:34:56','2026-02-04 08:34:56'),(90045,90098,'eyJhbGciOiJIUzI1NiIsInR5cCI6IkpXVCJ9.eyJzdWIiOjkwMDk4LCJleHAiOjE3NzA3OTk4MDIuMjM5LCJpYXQiOjE3NzAxOTUwMDJ9.YDDKhj9dBelW2hkmKgytrwnIThTlmnNnWHGVAcxObLU','2026-02-11 01:50:02',0,'2026-02-04 08:50:02','2026-02-04 08:50:02'),(90046,19,'eyJhbGciOiJIUzI1NiIsInR5cCI6IkpXVCJ9.eyJzdWIiOjE5LCJleHAiOjE3NzA4MDAwMjAuMzg1LCJpYXQiOjE3NzAxOTUyMjB9.RPw64Xs42x9hS32JJ8hozGoN85BKTdq_U8U0UY6ZVK8','2026-02-11 01:53:40',1,'2026-02-04 08:53:40','2026-02-04 08:57:21'),(90047,90100,'eyJhbGciOiJIUzI1NiIsInR5cCI6IkpXVCJ9.eyJzdWIiOjkwMTAwLCJleHAiOjE3NzA4MDAyODYuNjk3LCJpYXQiOjE3NzAxOTU0ODZ9.VPojVpoRWD6ECDdbQr0kiFclziof_j2ln9s_3dBC6XM','2026-02-11 01:58:07',0,'2026-02-04 08:58:06','2026-02-04 08:58:06'),(90048,90100,'eyJhbGciOiJIUzI1NiIsInR5cCI6IkpXVCJ9.eyJzdWIiOjkwMTAwLCJleHAiOjE3NzA4MDAzMTMuMTgxLCJpYXQiOjE3NzAxOTU1MTN9.YkFD6GECdSYdVo5JATSO_IsNanmKIwW2UJ5J0ZP53z4','2026-02-11 01:58:33',0,'2026-02-04 08:58:33','2026-02-04 08:58:33'),(90049,90101,'eyJhbGciOiJIUzI1NiIsInR5cCI6IkpXVCJ9.eyJzdWIiOjkwMTAxLCJleHAiOjE3NzA4MDA2ODQuOTgyLCJpYXQiOjE3NzAxOTU4ODR9.ovTb101nDzgqbtQzzEUU0rBDlBkw1QxpMpoi71FLkmw','2026-02-11 02:04:45',0,'2026-02-04 09:04:44','2026-02-04 09:04:44'),(90050,90102,'eyJhbGciOiJIUzI1NiIsInR5cCI6IkpXVCJ9.eyJzdWIiOjkwMTAyLCJleHAiOjE3NzA4MDEyMDYuMTcsImlhdCI6MTc3MDE5NjQwNn0.kWiC2wHWhlnxphx2FjsM-y7_Tf3K4lJbLvzRG5RyeyU','2026-02-11 09:13:26',0,'2026-02-04 09:13:26','2026-02-04 09:13:26'),(90051,90104,'eyJhbGciOiJIUzI1NiIsInR5cCI6IkpXVCJ9.eyJzdWIiOjkwMTA0LCJleHAiOjE3NzA4MDE3NzEuNDIzLCJpYXQiOjE3NzAxOTY5NzF9.g0Ho4pANreoS94vJ0mxUEsbDqOt9Pnkh264dc8gHL64','2026-02-11 09:22:51',0,'2026-02-04 09:22:51','2026-02-04 09:22:51'),(90052,90104,'eyJhbGciOiJIUzI1NiIsInR5cCI6IkpXVCJ9.eyJzdWIiOjkwMTA0LCJleHAiOjE3NzA4MDI4ODMuMDE3LCJpYXQiOjE3NzAxOTgwODN9.lvcv3wlD_sI1oGCyIAH1H1pKrCfBDFHYsKGhbsQGmEE','2026-02-11 02:41:23',0,'2026-02-04 09:41:23','2026-02-04 09:41:23'),(90053,90106,'eyJhbGciOiJIUzI1NiIsInR5cCI6IkpXVCJ9.eyJzdWIiOjkwMTA2LCJleHAiOjE3NzA4MDMwMDYuMTU0LCJpYXQiOjE3NzAxOTgyMDZ9.kFzoDlq5kUCSBhYSEjEjPt8g6mPKStFMF3pRnERf5C0','2026-02-11 02:43:26',0,'2026-02-04 09:43:26','2026-02-04 09:43:26'),(120039,120091,'eyJhbGciOiJIUzI1NiIsInR5cCI6IkpXVCJ9.eyJzdWIiOjEyMDA5MSwiZXhwIjoxNzcwODExNjk3LjcwNSwiaWF0IjoxNzcwMjA2ODk3fQ.Uf2J9W6xqzpqqGymZ0xO9vv1tI24VY50Te2b7yW2nHM','2026-02-11 12:08:18',0,'2026-02-04 12:08:17','2026-02-04 12:08:17'),(120040,120092,'eyJhbGciOiJIUzI1NiIsInR5cCI6IkpXVCJ9.eyJzdWIiOjEyMDA5MiwiZXhwIjoxNzcwODEyNDUwLjkyMiwiaWF0IjoxNzcwMjA3NjUwfQ.O7ayS_DC90Y3vurRQEJftTcsTOTuk0HEB8wdHzLxv8E','2026-02-11 05:20:51',0,'2026-02-04 12:20:50','2026-02-04 12:20:50'),(120041,120093,'eyJhbGciOiJIUzI1NiIsInR5cCI6IkpXVCJ9.eyJzdWIiOjEyMDA5MywiZXhwIjoxNzcwODEyNjYzLjE0MywiaWF0IjoxNzcwMjA3ODYzfQ.FBUhVaSLqfmDN7tjKXlwHBuDYSev50cbN0D9Kx5QiIw','2026-02-11 05:24:23',0,'2026-02-04 12:24:23','2026-02-04 12:24:23'),(150039,150091,'eyJhbGciOiJIUzI1NiIsInR5cCI6IkpXVCJ9.eyJzdWIiOjE1MDA5MSwiZXhwIjoxNzcwODYxNTA5LjAzMSwiaWF0IjoxNzcwMjU2NzA5fQ.d5dXo3_L335B3sQbXzpRgCnBFVOPKyXM-A284ko0hZg','2026-02-11 18:58:29',0,'2026-02-05 01:58:29','2026-02-05 01:58:29'),(150040,150091,'eyJhbGciOiJIUzI1NiIsInR5cCI6IkpXVCJ9.eyJzdWIiOjE1MDA5MSwiZXhwIjoxNzcwODYxNjgyLjExNCwiaWF0IjoxNzcwMjU2ODgyfQ.Wr8XcSwuY_XMT-_8vxOc0twPt0PacKNYRqAQ6G-oAaQ','2026-02-11 19:01:22',1,'2026-02-05 02:01:22','2026-02-05 02:09:47'),(150041,150091,'eyJhbGciOiJIUzI1NiIsInR5cCI6IkpXVCJ9.eyJzdWIiOjE1MDA5MSwiZXhwIjoxNzcwODYyMjE0LjMzLCJpYXQiOjE3NzAyNTc0MTR9.xG5NgLc7-F_e8NSvGjJ3OKUYT5BXbUuIx8mYNo2S3SQ','2026-02-12 02:10:14',0,'2026-02-05 02:10:14','2026-02-05 02:10:14'),(150042,150093,'eyJhbGciOiJIUzI1NiIsInR5cCI6IkpXVCJ9.eyJzdWIiOjE1MDA5MywiZXhwIjoxNzcwODYyMjMzLjMyMSwiaWF0IjoxNzcwMjU3NDMzfQ.7Lwc5jcdhlTWp9jbOme5sodKHansYWalfw_B0a2Q1o0','2026-02-12 02:10:33',0,'2026-02-05 02:10:33','2026-02-05 02:10:33'),(150043,150093,'eyJhbGciOiJIUzI1NiIsInR5cCI6IkpXVCJ9.eyJzdWIiOjE1MDA5MywiZXhwIjoxNzcwODYyMjg2Ljg0MSwiaWF0IjoxNzcwMjU3NDg2fQ.CWB7j0KL-b3Nj4afCfuMLeB1738DIcwX47pXV3M0vGQ','2026-02-12 02:11:27',0,'2026-02-05 02:11:26','2026-02-05 02:11:26'),(150044,150095,'eyJhbGciOiJIUzI1NiIsInR5cCI6IkpXVCJ9.eyJzdWIiOjE1MDA5NSwiZXhwIjoxNzcwODYzMDU2LjI3MiwiaWF0IjoxNzcwMjU4MjU2fQ.98Iy0zu-EHE1n0ixmOSPVPOz0Ra2hlZD8hp6nQIuuSs','2026-02-12 02:24:16',0,'2026-02-05 02:24:16','2026-02-05 02:24:16'),(150045,150096,'eyJhbGciOiJIUzI1NiIsInR5cCI6IkpXVCJ9.eyJzdWIiOjE1MDA5NiwiZXhwIjoxNzcwODYzOTMxLjA4MywiaWF0IjoxNzcwMjU5MTMxfQ.U7NWD9yKoY5ZuTG70bfT2HPQMC7sj8mMKAdoaN1Mmyc','2026-02-12 02:38:51',0,'2026-02-05 02:38:51','2026-02-05 02:38:51'),(150046,150097,'eyJhbGciOiJIUzI1NiIsInR5cCI6IkpXVCJ9.eyJzdWIiOjE1MDA5NywiZXhwIjoxNzcwODY0NDM1LjUwOSwiaWF0IjoxNzcwMjU5NjM1fQ.C29yp4zarcojbo2RQATav4ei7PVSycOPQDl-l48irUs','2026-02-12 02:47:16',0,'2026-02-05 02:47:15','2026-02-05 02:47:15');
/*!40000 ALTER TABLE `revoked_tokens` ENABLE KEYS */;
UNLOCK TABLES;

--
-- Table structure for table `users`
--

DROP TABLE IF EXISTS `users`;
/*!40101 SET @saved_cs_client     = @@character_set_client */;
/*!50503 SET character_set_client = utf8mb4 */;
CREATE TABLE `users` (
  `id` bigint unsigned NOT NULL AUTO_INCREMENT,
  `email` varchar(255) COLLATE utf8mb4_unicode_ci NOT NULL,
  `password` varchar(255) COLLATE utf8mb4_unicode_ci NOT NULL,
  `email_verified_at` timestamp NULL DEFAULT NULL,
  `created_at` timestamp DEFAULT CURRENT_TIMESTAMP,
  `updated_at` timestamp DEFAULT CURRENT_TIMESTAMP ON UPDATE CURRENT_TIMESTAMP,
  PRIMARY KEY (`id`) /*T![clustered_index] CLUSTERED */,
  UNIQUE KEY `idx_email` (`email`)
) ENGINE=InnoDB DEFAULT CHARSET=utf8mb4 COLLATE=utf8mb4_unicode_ci AUTO_INCREMENT=210091;
/*!40101 SET character_set_client = @saved_cs_client */;

--
-- Dumping data for table `users`
--

LOCK TABLES `users` WRITE;
/*!40000 ALTER TABLE `users` DISABLE KEYS */;
INSERT INTO `users` VALUES (1,'abcd@gmail.com','$2b$10$dnQniR8U7/wIxna6jhSRFuMB/PUM.38.D8rVMQ4Gv83osmTh2OTZO',NULL,'2026-01-26 20:22:11','2026-01-26 20:22:11'),(3,'abcde@gmail.com','$2b$10$Bbpc4KYNHSrqYEHnxA7CeuW6Q7GBknvNfeerMhLwwmiFFPsze23nW',NULL,'2026-01-26 20:38:46','2026-01-26 20:38:46'),(5,'test@gmail.com','$2b$10$dLPtoOZHyqktoZ8nYOrc0.FXcuMPU9KqkhIaNJr17e4eSTqJ5IaTa',NULL,'2026-01-26 21:06:18','2026-01-26 21:06:18'),(7,'tttest@gmail.com','$2b$10$6RiZg1u9Edmu0PjRHN4vY.AFp34TDAYwZMalRaKiXjmJsKQ18bIzm',NULL,'2026-01-26 21:59:41','2026-01-26 21:59:41'),(8,'acc01@gmail.com','$2b$10$bXELhMXszbpMALygl2JpYewHpX2uX57/ZDbELMERM3TbCU4ZJ2Ejy',NULL,'2026-01-27 11:00:47','2026-01-27 11:00:47'),(10,'acc03@gmail.com','$2b$10$aZ51CKI1tJG7Udez471YyOI1G.mVhfOjq0NnoBlY5CQbVhOVGgBNW',NULL,'2026-01-27 14:58:56','2026-01-27 14:58:56'),(13,'acc04@gmail.com','$2b$10$pWPuE4NQFAnocGXO02m9C.NND0RZazabPVcQr/CLHCRaEwRuuCRJC',NULL,'2026-01-27 15:00:07','2026-01-27 15:00:07'),(15,'test@example.com','$2b$10$3nbeRBdPpoJwI.H1CBTcWeKtSlkrDyRWE2tVRYqBsHT.AenfYArDu',NULL,'2026-01-27 15:07:17','2026-01-27 15:07:17'),(16,'user2@example.com','$2b$10$ZLCKhf4ghpCODcbweIz0VeDehHxAplsRADU2cPlRj1pyuQ1TgPPWq',NULL,'2026-01-27 15:07:50','2026-01-27 15:07:50'),(17,'user3@example.com','$2b$10$m6aSRcAJQqEuIbm5RWx9B.lqAvhaGqAX5T0388mm92oLVn3ifHx5m',NULL,'2026-01-27 15:09:30','2026-01-27 15:09:30'),(19,'acc045@gmail.com','$2b$10$TXvMhLHtwl7hCw3JewcNgu9LsYOlZUlytvdOhUsz5aPN7ETEdjUNm',NULL,'2026-01-27 15:15:57','2026-02-04 08:56:10'),(23,'final_test_1769504113@example.com','$2b$10$P6V3iYIv0PY1L6RkEf1XPeAua/o1hl7a9ZU79uDUI87T26mMXnZgS',NULL,'2026-01-27 15:55:13','2026-01-27 15:55:13'),(24,'final_test_v2_1769504143@example.com','$2b$10$TKMgF7eNf.9/1rXYG93O3ef2gCaxkRxn0YfufhMOW7XzsqwqvdvE2',NULL,'2026-01-27 15:55:43','2026-01-27 15:55:43'),(25,'participant_1769504143@example.com','$2b$10$5UObmGQ9K8CnxomptrtQIezh/t2lpNPFzqjGTa8pBYmicysTwRJTS',NULL,'2026-01-27 15:55:43','2026-01-27 15:55:43'),(51,'acc045@gmail.om','$2b$10$40qntv13/JP9Idi/JpWzCesbAJeYrmH96BRi1bt45394vrJBPSx.S',NULL,'2026-01-27 16:48:12','2026-01-27 16:48:12'),(56,'acc0456@gmail.com','$2b$10$37SW1Ym5F81fKRwuqkvoCOcGCC3MnIVbOskvaGJIi/MoHASgDisA2',NULL,'2026-01-27 21:12:09','2026-01-27 21:12:09'),(59,'acc04563@gmail.com','$2b$10$gU7z8T5KQvdkuHCl0sqhnuwHMaTk/HYxor41ITQlIHMGoVitUikbO',NULL,'2026-01-27 21:13:37','2026-01-27 21:13:37'),(61,'test_user_1769525838005@example.com','$2b$10$kAHU4hF4NWOItKbfY5av3eNi12ibV66P04FqoM37uv8nBYnpP2iDG',NULL,'2026-01-27 21:57:18','2026-01-27 21:57:18'),(62,'test_user_1769525863111@example.com','$2b$10$wGYzlzbHzZuyDQhxMTIBaOVMsiSb8FodFTH1ZRvg3YhIPM.4b7via',NULL,'2026-01-27 21:57:43','2026-01-27 21:57:43'),(63,'acc304563@gmail.com','$2b$10$fjFow/UxMW/pv6gu33c2gOxM02n.ZYAdcDJ6XXpIWm7wnJ3y2zyxa',NULL,'2026-01-28 14:15:10','2026-01-28 14:15:10'),(65,'test_1770085121@example.com','$2b$10$gQBIvlhz/YXyYsoPG.pt1OE.wTb0l4xZ9ghFGupETb3lQSkwqnQme',NULL,'2026-02-03 09:18:41','2026-02-03 09:18:41'),(67,'test_1770088453220@example.com','$2b$10$Jl2Ub9XLPWp/hl08cm1Y/ubb5jNuafU7dYPaNoT7HEJ8cFK2wenqi',NULL,'2026-02-03 10:14:13','2026-02-03 10:14:13'),(69,'test_hash_1770088455304@example.com','$2b$10$Qcj7DxKyl9Zn2WJVMpGYNepFvsztRv2lZBlCCQUO/Ls.dYumd9ANi',NULL,'2026-02-03 10:14:15','2026-02-03 10:14:15'),(70,'test_1770088500823@example.com','$2b$10$PZNeTyAglr/vm5E9iYUWEe9hNfuN.UlVDSeHzUdnRSqPRnE94JB26',NULL,'2026-02-03 10:15:00','2026-02-03 10:15:00'),(72,'test_hash_1770088502766@example.com','$2b$10$qvgGTXgqB5uPQYXSAHgTmetoCkfF2pIIUR02gQ524uzTy6n.MF0oq',NULL,'2026-02-03 10:15:02','2026-02-03 10:15:02'),(150097,'trungdang.dqt@gmail.com','$2b$10$sX0T8TlRkdAA3VJcBHduYuHSQn9pde5MRbcj74gLtxdv8/c7f6Wzq','2026-02-05 02:48:00','2026-02-05 02:47:15','2026-02-05 02:55:55');
/*!40000 ALTER TABLE `users` ENABLE KEYS */;
UNLOCK TABLES;
/*!40103 SET TIME_ZONE=@OLD_TIME_ZONE */;

/*!40101 SET SQL_MODE=@OLD_SQL_MODE */;
/*!40014 SET FOREIGN_KEY_CHECKS=@OLD_FOREIGN_KEY_CHECKS */;
/*!40014 SET UNIQUE_CHECKS=@OLD_UNIQUE_CHECKS */;
/*!40101 SET CHARACTER_SET_CLIENT=@OLD_CHARACTER_SET_CLIENT */;
/*!40101 SET CHARACTER_SET_RESULTS=@OLD_CHARACTER_SET_RESULTS */;
/*!40101 SET COLLATION_CONNECTION=@OLD_COLLATION_CONNECTION */;
/*!40111 SET SQL_NOTES=@OLD_SQL_NOTES */;

-- Dump completed on 2026-02-06 11:27:06
